Stage,N,Mean,SD,SE
Wake,10,0.6835742542186859,0.0826783184656597,0.026145179946424246
N1,10,0.7061012684291956,0.03263469525058692,0.010319996773733412
N2,10,0.7357037338780217,0.05420051670241863,0.017139708313764154
N3,10,0.7929814871702937,0.04514744419345965,0.014276875418667607
