State,Φ_c,SD,N,Reportable
Propofol Sedation,0.5792535341868914,0.08173524723252007,16,False
Propofol Awake,0.6198632866923819,0.0944859075825755,18,True
Normal Wake (MESA),0.6835742542186859,0.0826783184656597,10,True
Meditators @ Meditation,0.743394703678617,0.05815903350641628,24,True
N3 Deep Sleep,0.7929814871702937,0.04514744419345965,10,False
